nome;cpf;pis_pasep;vinculos;remuneracao_bruta
DADOS FICTICIOS APENAS PARA FINS DE SIMULAÇÃO;99999999999;16618058385;VINCULO TESTE;999999999,99
DADOS FICTICIOS APENAS PARA FINS DE SIMULAÇÃO;99999999999;12691368035;VINCULO TESTE;999999999,99
DADOS FICTICIOS APENAS PARA FINS DE SIMULAÇÃO;99999999999;16378803286;VINCULO TESTE;999999999,99
DADOS FICTICIOS APENAS PARA FINS DE SIMULAÇÃO;99999999999;20186947660;VINCULO TESTE;999999999,99
DADOS FICTICIOS APENAS PARA FINS DE SIMULAÇÃO;99999999999;16400362143;VINCULO TESTE;999999999,99
DADOS FICTICIOS APENAS PARA FINS DE SIMULAÇÃO;99999999999;16111313089;VINCULO TESTE;999999999,99
DADOS FICTICIOS APENAS PARA FINS DE SIMULAÇÃO;99999999999;12430710538;VINCULO TESTE;999999999,99
DADOS FICTICIOS APENAS PARA FINS DE SIMULAÇÃO;99999999999;20382058091;VINCULO TESTE;999999999,99
DADOS FICTICIOS APENAS PARA FINS DE SIMULAÇÃO;99999999999;16189654232;VINCULO TESTE;999999999,99
DADOS FICTICIOS APENAS PARA FINS DE SIMULAÇÃO;99999999999;20412634524;VINCULO TESTE;999999999,99
DADOS FICTICIOS APENAS PARA FINS DE SIMULAÇÃO;99999999999;10641944494;VINCULO TESTE;999999999,99
DADOS FICTICIOS APENAS PARA FINS DE SIMULAÇÃO;99999999999;11791847506;VINCULO TESTE;999999999,99
DADOS FICTICIOS APENAS PARA FINS DE SIMULAÇÃO;99999999999;16785564396;VINCULO TESTE;999999999,99
DADOS FICTICIOS APENAS PARA FINS DE SIMULAÇÃO;99999999999;16862797558;VINCULO TESTE;999999999,99
DADOS FICTICIOS APENAS PARA FINS DE SIMULAÇÃO;99999999999;10224458768;VINCULO TESTE;999999999,99
DADOS FICTICIOS APENAS PARA FINS DE SIMULAÇÃO;99999999999;21447448571;VINCULO TESTE;999999999,99
DADOS FICTICIOS APENAS PARA FINS DE SIMULAÇÃO;99999999999;16553730149;VINCULO TESTE;999999999,99
DADOS FICTICIOS APENAS PARA FINS DE SIMULAÇÃO;99999999999;11742077000;VINCULO TESTE;999999999,99
DADOS FICTICIOS APENAS PARA FINS DE SIMULAÇÃO;99999999999;12017882684;VINCULO TESTE;999999999,99
DADOS FICTICIOS APENAS PARA FINS DE SIMULAÇÃO;99999999999;16863150477;VINCULO TESTE;999999999,99
DADOS FICTICIOS APENAS PARA FINS DE SIMULAÇÃO;99999999999;16430525776;VINCULO TESTE;999999999,99
DADOS FICTICIOS APENAS PARA FINS DE SIMULAÇÃO;99999999999;12798121452;VINCULO TESTE;999999999,99
DADOS FICTICIOS APENAS PARA FINS DE SIMULAÇÃO;99999999999;16398233752;VINCULO TESTE;999999999,99
DADOS FICTICIOS APENAS PARA FINS DE SIMULAÇÃO;99999999999;12580267486;VINCULO TESTE;999999999,99
DADOS FICTICIOS APENAS PARA FINS DE SIMULAÇÃO;99999999999;16146164616;VINCULO TESTE;999999999,99
DADOS FICTICIOS APENAS PARA FINS DE SIMULAÇÃO;99999999999;20453212950;VINCULO TESTE;999999999,99
DADOS FICTICIOS APENAS PARA FINS DE SIMULAÇÃO;99999999999;16361202381;VINCULO TESTE;999999999,99
DADOS FICTICIOS APENAS PARA FINS DE SIMULAÇÃO;99999999999;20767551642;VINCULO TESTE;999999999,99
DADOS FICTICIOS APENAS PARA FINS DE SIMULAÇÃO;99999999999;13378191421;VINCULO TESTE;999999999,99
DADOS FICTICIOS APENAS PARA FINS DE SIMULAÇÃO;99999999999;16400283375;VINCULO TESTE;999999999,99
DADOS FICTICIOS APENAS PARA FINS DE SIMULAÇÃO;99999999999;12493595779;VINCULO TESTE;999999999,99
DADOS FICTICIOS APENAS PARA FINS DE SIMULAÇÃO;99999999999;12944297653;VINCULO TESTE;999999999,99
DADOS FICTICIOS APENAS PARA FINS DE SIMULAÇÃO;99999999999;16140231826;VINCULO TESTE;999999999,99
